{"driver_1":{"name":"driver_1","id":1,"coords":[19.411867577318112,-99.1620802857858]},"driver_2":{"name":"driver_2","id":2,"coords":[19.41099112738059,-99.16197625693448]},"driver_3":{"name":"driver_3","id":3,"coords":[19.410583946150446,-99.16042413347826]},"driver_4":{"name":"driver_4","id":4,"coords":[19.41056583865782,-99.15898454810792]},"driver_5":{"name":"driver_5","id":5,"coords":[19.408827827704677,-99.16239818583196]}}