{"driver_1":{"name":"driver_1","id":1,"coords":[19.410672,-99.16078]},"driver_2":{"name":"driver_2","id":2,"coords":[19.410672,-99.16078]}}