{"driver_1":{"name":"driver_1","id":1,"coords":[19.410069078301802,-99.15999641135808]},"driver_2":{"name":"driver_2","id":2,"coords":[19.409215250876777,-99.1609906818739]},"driver_3":{"name":"driver_3","id":3,"coords":[19.412533290714904,-99.15973260900849]}}