{"user_1":{"name":"user_1","id":1,"coords":[19.411257179175262,-99.16152656403688]},"user_2":{"name":"user_2","id":2,"coords":[19.41237517979921,-99.15923040313582]}}