{"user_1":{"name":"user_1","id":1,"coords":[19.409449330476583,-99.15896874897633]},"user_2":{"name":"user_2","id":2,"coords":[19.409667288611544,-99.16019493765367]}}